time_h,clock,external_stage_m,lagoon_median_eta_m,route_zone_median_eta_m,sill_flux_m3_s,sea_local_eta_m,inlet_lagoon_eta_m,sea_minus_lagoon_head_m,wind_speed_m_s,wind_stress_pa,external_tide_tendency_m_h,cumulative_boundary_inflow_m3,lagoon_wet_volume_m3,west_zone_volume_m3,middle_zone_volume_m3,east_zone_volume_m3,west_minus_east_eta_m,surface_tilt_rms_m,surface_head_p95_p05_m,surface_tilt_potential_energy_j,lagoon_kinetic_energy_j,active_firm_segments,active_complete_lanes,active_aggregate_width_m,active_width_change_m_min,resolved_route_probe_median_depth_m,resolved_route_probe_max_depth_m,resolved_route_probe_depth_rise_cm_min,resolved_route_probe_speed_p95_m_s,resolved_route_probe_speed_max_m_s,resolved_route_probe_hu_p95_m2_s,resolved_route_probe_hu_max_m2_s,resolved_route_probe_fraction_over_0p10m,route_zone_deep_water_fraction_ge_0p30,west_median_depth_m,east_median_depth_m
0.0,16:00,-0.34987717168254356,-0.34785176047837585,-0.3482492761476528,5.2477974851300154e-05,-0.26119076801159324,-0.3478923115337976,0.08670154352220438,0.0,0.0,-0.0030702887901073606,0.0,508294165.95867354,186809596.46129805,175771238.967961,145713330.52941447,0.0007781186999499257,0.0003717298261214885,0.0010636918387285643,268629.94843939313,368674.9296588451,0,0,0.0,0.0,0.37159743065130496,0.5316525182726736,0.0,0.0021265247074081337,0.002143546549001974,0.0008729420241723211,0.0009231598767630397,1.0,1.0,1.5023557250857231,1.201771355134976
0.16666666666666666,16:10,-0.34985585073791636,-0.34779533489267467,-0.34829666466694664,0.0002902517652074994,-0.2666323803543984,-0.3478360267852869,0.08120364643088851,3.1666666666666665,0.014740833333333331,0.0033259885351461364,-952537.6461820925,508294401.91690266,186802329.37674823,175777669.5898836,145714402.9502708,0.000655157096002168,0.0003425304128232862,0.0009089743833000652,228085.61063633946,783878.8651916524,0,0,0.0,0.0,0.37169723602187144,0.5316477602056807,0.0009980537056647476,0.00919945934462284,0.009505884572099142,0.0033775604951964693,0.0037585268195111823,1.0,1.0,1.5022856759116525,1.201635414328306
0.3333333333333333,16:20,-0.3487698219680704,-0.3477964865214811,-0.34834882667312617,0.00022654014950424732,-0.27202078793826,-0.3477603591654336,0.07573957122717356,6.333333333333333,0.058963333333333326,0.009698635111232813,-1541080.6012464452,508294320.2282668,186834623.78629875,175781975.6749925,145677720.76697552,0.0006185094466385488,0.0010860408489105412,0.002549873809903791,2292935.99864741,66050887.94548199,0,0,0.0,0.0,0.37252848502412794,0.5323065719818227,0.008312490022565067,0.04428048258703044,0.04574168586707909,0.017335442811323418,0.019933428196523374,1.0,1.0,1.5022352930471112,1.199724398401762
0.5,16:30,-0.34662680147700814,-0.3478850694700477,-0.34857643687015416,0.00017870417415266358,-0.2773851689327014,-0.34741550306102664,0.07003033412832527,9.5,0.1326675,0.01600237404943927,-1792513.6305885063,508293003.85698813,187003047.22729954,175782727.79555568,145507228.83413294,0.0011338839500993902,0.004152467686989102,0.011731482096277668,33520627.105872247,666754857.1137353,0,0,0.0,0.0,0.37450182434910684,0.5362093564781824,0.019733393249788952,0.0966423618617879,0.09764545024768082,0.04099085496779193,0.0478654707652207,1.0,1.0,1.502618692067974,1.1919160023877868
0.6666666666666666,16:40,-0.3434420151679906,-0.34801591156519585,-0.3495597664410329,0.00014254595915646486,-0.2826522288669275,-0.3464571184533771,0.06380488958644964,12.666666666666666,0.2581283703703704,0.022192418041545064,-1715617.2573314083,508290050.3709717,187433068.06620732,175777323.46672186,145079658.8380425,0.003854921726774263,0.010833590021471353,0.03491754978906331,228162572.33255258,2862450124.1359906,0,0,0.0,0.0,0.3784930555679814,0.5460265129177326,0.0399123121887457,0.15415600015540523,0.15608841232291287,0.06881509333573974,0.08136931811682992,1.0,1.0,1.5048812869139025,1.1751275407261914
0.8333333333333334,16:50,-0.33923809056532306,-0.34821349726626194,-0.35152289467343634,0.00011493430228638293,-0.2865233003663815,-0.3449091352670649,0.05838583490068339,15.833333333333334,0.4665371383101853,0.028224787568269637,-1258791.1843409734,508285613.2204734,188246973.44435155,175757543.53548723,144281096.24063453,0.009975474931979922,0.022545606223426225,0.07628036105990582,988151300.3700099,8164986272.914051,0,0,0.0,0.0,0.38641928908569173,0.5635189728791582,0.07926233517710321,0.22257124638826883,0.22702439473005012,0.10259571755527701,0.12352219494318208,1.0,0.9644886363636364,1.5106609512142124,1.1473032766144724
1.0,17:00,-0.33404489604851184,-0.34869412219911555,-0.3544711942897686,-0.0020168947394892853,-0.28886046366560164,-0.3433088680701313,0.05444840440452964,19.0,0.7628381250000001,0.034056623368475716,-461296.7692099237,508280751.9865122,189517299.60768068,175710049.2636241,143053403.11520728,0.01968055974408922,0.040093672352951415,0.14089890025415142,3125009094.516316,16926732605.921919,0,0,0.0,0.0,0.3997500818309123,0.589466456008297,0.1333079274522059,0.29424533323748847,0.2972091305159469,0.14093558758063826,0.17234358932141938,1.0,0.9616477272727273,1.5199030830070468,1.1065527466872584
1.1666666666666667,17:10,-0.3278993286410147,-0.34947194255603564,-0.35903540327325234,-0.0646762637784898,-0.2909581374043845,-0.3423722287846346,0.051414091380250104,19.0,0.7628381250000001,0.0396464909490734,561583.3933685363,508277365.95143,191160811.7724441,175624447.1812812,141492106.99770477,0.03270652384620942,0.06097079421455263,0.22211984942081284,7226754742.032271,21343625359.48283,0,0,0.0,0.0,0.4182796951387476,0.6185998468289279,0.18529613307835252,0.3183934897919543,0.3206913960808859,0.16146727839077438,0.19583751123955412,1.0,0.9616477272727273,1.5323379378534618,1.0559646556881863
1.3333333333333333,17:20,-0.32084505186131895,-0.3503549333936702,-0.36548869719073407,-0.1854505472547536,-0.29176235531728795,-0.34195578673341653,0.05019343141612859,19.0,0.7628381250000001,0.04495467497211844,1871093.590841169,508276983.42777306,192901287.34655967,175493503.91731238,139882192.16390094,0.04653508577607268,0.0789817508496874,0.2820864779960789,12126992956.150904,21060828177.64435,0,0,0.0,0.0,0.4341267683330905,0.6371515776767079,0.15847073194342934,0.32628139391507915,0.3314863604490971,0.1696429269950721,0.20378050479647206,1.0,0.9616477272727273,1.5511873210760014,1.012299540417252
1.5,17:30,-0.31293218549888646,-0.35097644451571064,-0.37393488314301004,-0.2875829957503044,-0.29399330733932283,-0.3418887283538332,0.047895421014510386,19.0,0.7628381250000001,0.049943461427519084,3647406.5675396062,508279756.43678415,194656614.8230508,175315654.65766853,138307486.95606467,0.06143824980786128,0.09387422354617171,0.349803205659966,17131379166.942724,20217578468.16565,0,0,0.0,0.0,0.4439356549079554,0.6469075941615947,0.0980888657486489,0.3318930090804452,0.3388416375777153,0.17389243867040266,0.20644308413558843,1.0,0.9616477272727273,1.5787581571785756,0.9786827948624578
1.6666666666666667,17:40,-0.30421694951906764,-0.3514632314573607,-0.38129230832236916,-0.365988952596231,-0.29537565841962116,-0.3422710351512811,0.046895376731659943,19.0,0.7628381250000001,0.05457740558654915,5898460.585268142,508285144.29875785,196415836.5610676,175089362.7869062,136779944.95078412,0.07729781794880874,0.10654416768553142,0.4070698805989744,22067796669.103348,19439997239.054157,0,0,0.0,0.0,0.44841342998420286,0.6502499757701957,0.044777750762474686,0.3340027550978253,0.3428789469638695,0.17601411788155769,0.2056513819205864,1.0,0.9616477272727273,1.608586836103738,0.9519050087302653
1.8333333333333333,17:50,-0.2947612646269974,-0.3518289711731324,-0.38751504728102404,-0.4208522578404623,-0.29717341862551794,-0.34293295632834053,0.045759537702822595,19.0,0.7628381250000001,0.058823583832390045,8499498.27092105,508292467.55329466,198177576.5524454,174817124.46430057,135297766.5365487,0.1020148369328624,0.11776698845605352,0.4549033367554893,26961667616.049576,18783234657.10192,0,0,0.0,0.0,0.44843844916365094,0.6488334882222305,0.0002501917944808254,0.3339741496101492,0.344549470029364,0.17567630098596723,0.20282018589151052,1.0,0.9616477272727273,1.6362563463393367,0.930195589159313
2.0000799690642803,18:00,-0.2846273020511387,-0.35137616781071535,-0.39506814104186583,-0.48857107051400395,-0.3005297049199286,-0.3438333676880888,0.04330366276816022,19.0,0.7628381250000001,0.06265355963440081,11341926.30415832,508301210.59186167,199942058.51377657,174505046.35660344,133854105.72148162,0.13020510821712505,0.12811435860607698,0.4963367254456089,31907679784.08759,18228228370.635696,0,0,0.0,0.0,0.4452273846407353,0.6443521704790361,0.0,0.33294086834606557,0.3448851886170251,0.17384002367208715,0.1992025851726974,1.0,0.9616477272727273,1.6615677827082402,0.912053557216729
2.1666666666666665,18:10,-0.2739020576131655,-0.35111423203106795,-0.40408161528367514,-0.5212743270970086,-0.30291420630056143,-0.34499745397065773,0.0420832476700963,19.0,0.7628381250000001,0.06603493761267079,14395670.24201146,508311204.2410251,201705708.52683088,174160481.78199992,132445013.9321943,0.1591592066871954,0.13794442818984598,0.5337206238132166,36992010712.183266,17747039247.47176,0,0,0.0,0.0,0.4399459811647542,0.6380959773304046,0.0,0.331238395541146,0.3438500141211341,0.1711096938631541,0.19536580627472433,1.0,0.9616477272727273,1.6850282710544242,0.8962453629591101
2.3333333333333335,18:20,-0.26264673765252156,-0.35104303639249534,-0.41398972563362646,-0.5333948998539446,-0.30481270106562475,-0.34646843894652324,0.04165573788089849,19.0,0.7628381250000001,0.06894887734442108,17686295.35395629,508322570.01863736,203469389.70492655,173789375.51182288,131063804.80188794,0.1881332053682413,0.1474952240825494,0.5687253369969334,42291737473.81879,17316698915.82877,0,0,0.0,0.0,0.4334321064809109,0.6308757433312465,0.0,0.32926501593832347,0.34201208107165604,0.16793667531781886,0.19156898567451724,1.0,0.9616477272727273,1.7070837856567787,0.8818362042205512
2.5,18:30,-0.2509463201433024,-0.35093545599927745,-0.4231060845246894,-0.5161158122453177,-0.3063680434508851,-0.34826040169855166,0.04189235824766657,19.0,0.7628381250000001,0.07137294358182887,21223797.764534045,508335506.1248507,205229981.66698703,173397720.2746521,129707804.18321152,0.21680239213028818,0.1568854125422525,0.6013259669938137,47848104703.15659,16920203281.695229,0,0,0.0,0.0,0.42625276345748964,0.6232111904665625,0.0,0.3270421727743711,0.339298043379561,0.16454259045406855,0.18789634137951755,1.0,0.9616477272727273,1.727999628362273,0.8682592678623015
2.6666666666666665,18:40,-0.23888393514695772,-0.35136820811098635,-0.4327635363537005,-0.48495509257907893,-0.30757924727898445,-0.35035686289903634,0.04277761562005189,19.0,0.7628381250000001,0.07328991362535249,24987769.07562374,508350177.0900047,206984867.7980167,172990650.8539986,128374658.43798938,0.24511026882243503,0.1661764833887742,0.6328869483482111,53683242558.91183,16546837316.457117,0,0,0.0,0.0,0.41878137342504523,0.6154174209001952,0.0,0.32471939310281245,0.33603594850389495,0.16110024347321078,0.18439101094392607,1.0,0.9616477272727273,1.7479660459248851,0.8551931029136559
2.8333333333333335,18:50,-0.22654528446046873,-0.35183918594395547,-0.44248583377285267,-0.44697240739620897,-0.30839864294974484,-0.35272525948351696,0.04432661653377212,19.0,0.7628381250000001,0.07468616763301715,28941648.263245627,508366658.87335956,208731463.73438644,172572476.2787376,127062718.86023553,0.2729131047052099,0.1753947465102129,0.6629879718423912,59804349898.73084,16189877452.306498,0,0,0.0,0.0,0.4112379123644161,0.6076661902534255,0.0,0.3223381318795826,0.33237415917763125,0.15768873885874787,0.1810440239645537,1.0,0.9616477272727273,1.767116562968316,0.8424754486528461
3.0,19:00,-0.21401803271537226,-0.35277977689276696,-0.45163990684656974,-0.40656637019267333,-0.30899172777156025,-0.35532965141884865,0.04633792364728839,19.0,0.7628381250000001,0.07555178538775668,33053388.426286962,508384941.1680178,210467427.42410946,172146700.93841973,125770812.80548862,0.3003601995798124,0.18454892280791704,0.6922986075734193,66209855618.7632,15845299448.013819,0,0,0.0,0.0,0.4037474390698873,0.6000399825333749,0.0,0.3198954591312678,0.3283740299943139,0.15433741155450387,0.17783009821843826,1.0,0.9517045454545454,1.785547806543485,0.8300300688956259
3.166915081819863,19:10,-0.20137233462510143,-0.3545000441825029,-0.4608175252911214,-0.3964061475864903,-0.3092757010348951,-0.35814055203077844,0.048864850995883335,19.0,0.7628381250000001,0.07588070462640079,37307906.411153704,508404980.6492084,212193271.9229075,171715512.97272977,124496195.75357114,0.32729355658148207,0.19365346140728407,0.721105042818059,72903795620.5504,15511296525.480513,0,0,0.0,0.0,0.3963653167571557,0.5925623439299641,0.0,0.31763953303962705,0.3246830776373763,0.15111499986242077,0.17475905782619128,1.0,0.9502840909090909,1.8033627169255682,0.817804477891098
3.333457019679309,19:20,-0.18874509278370366,-0.35660339904746086,-0.473641121691571,-0.37431729219333465,-0.3090593405451015,-0.3611168509189504,0.052057510373848925,19.0,0.7628381250000001,0.07566996937762709,41671313.89081682,508426584.58889365,213900839.97429886,171282831.62527826,123242912.9893166,0.3536831536304049,0.20257345691257056,0.7449978345474438,79774610126.15134,15203057017.929604,0,0,0.0,0.0,0.38855367407208913,0.5851339859471997,0.0,0.31591273209101134,0.32037864392641774,0.148147579540769,0.17191678851815936,1.0,0.9502840909090909,1.8205591412461897,0.8058279465624653
3.5,19:30,-0.1761976180315623,-0.3581621041195343,-0.4834136123766341,-0.3734606921955039,-0.3082967185492421,-0.364237038935741,0.055940320386498876,19.0,0.7628381250000001,0.07492240564481588,46131065.683917165,508449654.5416322,215592509.24990857,170849612.86356643,122007532.42815712,0.37963759732277613,0.21147537563883576,0.7738954572549976,86939917098.60205,14890878010.88883,0,0,0.0,0.0,0.37997631095253215,0.5774257254640718,0.0,0.31410740949840926,0.3164634999559123,0.14503992577290176,0.1693394761096361,1.0,0.9502840909090909,1.8372305485623648,0.794064137186206
3.6666666666666665,19:40,-0.16380989698114368,-0.36059487185921824,-0.4909492134911587,-0.36080990541727936,-0.3072737040920007,-0.3674781514318963,0.060204447339895606,19.0,0.7628381250000001,0.07364217109371077,50663000.26222523,508474058.3656521,217268219.69129327,170417352.254222,120788486.4201368,0.40491227304806443,0.22036723713232007,0.802109582357997,94404710553.17778,14576878735.434755,0,0,0.0,0.0,0.37245664383347626,0.5701080738152973,0.0,0.3114731533884503,0.31293576861442973,0.1419245420465292,0.16664209692028115,1.0,0.9502840909090909,1.853429349626884,0.7824979884012777
3.8333333333333335,19:50,-0.151679302267067,-0.36342507496913534,-0.4977125008650486,-0.3444997290830426,-0.3045002039002983,-0.3708119664505821,0.06631176255028381,19.0,0.7628381250000001,0.0718387177597321,55233684.95527127,508499656.6869895,218925576.45343614,169988564.05248138,119585516.1810719,0.42993811049780783,0.22920879335818334,0.8284871618511314,102132076382.14108,14268874581.930704,0,0,0.0,0.0,0.3658884904847758,0.5632766913727233,0.0,0.3085158511860085,0.31016787386795397,0.1389386429763799,0.16386218726720342,1.0,0.9488636363636364,1.8691732634813494,0.7711294667885358
4.0,20:00,-0.13989202030816783,-0.3669899899067953,-0.5053759394623342,-0.3304895757996755,-0.30057818362334404,-0.37422167900701364,0.0736434953836696,19.0,0.7628381250000001,0.06952485896226417,59813221.2502227,508526246.4637386,220563590.54441503,169564576.5859603,118398079.33336328,0.45457121253230093,0.23798585316975976,0.8538817767122371,110103695263.571,13966555142.537783,0,0,0.0,0.0,0.3599049455917071,0.5568049959125335,0.0,0.30578790607281725,0.3081894396004732,0.13608644663678995,0.16109788956659393,1.0,0.9474431818181818,1.8844886856369694,0.7599429048353363
4.166666666666667,20:10,-0.12853179832737974,-0.3703911650234313,-0.513666875934911,-0.3212129224357737,-0.295235532149011,-0.37768892754094696,0.08245339539193597,19.0,0.7628381250000001,0.06671703439022114,64372467.62306594,508553639.22693974,222181406.1295111,169145715.1787739,117226517.9186548,0.4788177327307057,0.24668895935126478,0.8784886762828554,118303893373.97456,13669354176.975306,0,0,0.0,0.0,0.3543001796199097,0.5506129859124456,0.0,0.30241131774299057,0.3062011957486939,0.13334831015852888,0.15839615124958983,1.0,0.9460227272727273,1.89940058199398,0.7489259115597258
4.333333333333333,20:20,-0.1176793493377729,-0.3728507648550874,-0.5219550200031132,-0.3181664231569796,-0.2890391564385051,-0.3811934569334451,0.09215430049494,19.0,0.7628381250000001,0.06343519330003179,68881968.88713852,508581678.1904933,223778279.65808156,168732284.32398653,116071114.2084252,0.5024923704220532,0.2553111033007008,0.90251805188863,126718206163.39148,13376949779.539124,0,0,0.0,0.0,0.3489641288820047,0.5446484801868126,0.0,0.30035552311907904,0.30424945991225244,0.1307123231003839,0.15577236111391662,1.0,0.9460227272727273,1.913931364051205,0.7380812374316357
4.5,20:30,-0.10741177868628596,-0.37607679394827975,-0.5300479261657811,-0.3225715352087807,-0.2819966306237768,-0.3847176995627294,0.10272106893895261,19.0,0.7628381250000001,0.05970265277856738,73311133.3268191,508610220.21244186,225353563.84120986,168324750.73349538,114931905.63773662,0.5258012630682315,0.26384694334908054,0.9259736379635846,135333011524.62804,13089189183.061928,0,0,0.0,0.0,0.34383476973434063,0.5388772234335099,0.0,0.29842220565625877,0.30232623615129856,0.1281704655909704,0.15323052074632634,1.0,0.9460227272727273,1.9280986523137889,0.727417548194143
4.666758701642141,20:40,-0.0977969241717752,-0.37981114950971173,-0.5379596084571802,-0.3708080781321307,-0.2741335488027966,-0.3882492491110209,0.11411570030822427,19.0,0.7628381250000001,0.05554352482052752,77630690.88750596,508639152.66437966,226907547.69819373,167923444.6869327,113808160.27925317,0.5486644256152222,0.27229702747302925,0.9489224930272334,144140296940.8066,12807347085.085602,0,0,0.0,0.0,0.3388737838651451,0.5332747196342181,0.0,0.29677184658698663,0.3006982564216032,0.12582705690902973,0.1508319480730619,1.0,0.9446022727272727,1.941923487464839,0.7169346062208672
4.833333333333333,20:50,-0.08891839803364932,-0.383092799383559,-0.5456835481357568,-0.4098903353038064,-0.26566908637148434,-0.39177056366388463,0.1261014772924003,19.0,0.7628381250000001,0.05099456419989911,81801795.95401646,508668315.0786393,228437215.7586614,167529599.95906758,112701499.36091046,0.5711553041701717,0.280631821730009,0.9713671768228009,153099383763.7174,12532240698.81429,0,0,0.0,0.0,0.33406676497983734,0.5278340422012345,0.0,0.2951090008664105,0.29923225657891783,0.12356430536162455,0.14849848380084366,1.0,0.9431818181818182,1.9553953884393644,0.706651600226211
5.0,21:00,-0.08082398128140279,-0.386101008177515,-0.5532384403926669,-0.4753518388735157,-0.2594323431596022,-0.3952774654263145,0.1358451222667123,19.0,0.7628381250000001,0.04608088606640359,85799962.40538915,508697656.568104,229944701.0506191,167143125.64749345,111609829.8699914,0.5931986629893021,0.28887441492972826,0.9933422804404007,162224994982.74405,12261307861.013222,0,0,0.0,0.0,0.32938919793203786,0.5225301881059795,0.0,0.2938714160713178,0.29823074140911554,0.12139640431077929,0.1462642646817883,1.0,0.9417613636363636,1.9685487064893161,0.6965508904557363
5.166666666666667,21:10,-0.07357629583182679,-0.3898780459223212,-0.5606260005483701,-0.5480534186040695,-0.25072817411454507,-0.39875888231315126,0.1480307081986062,19.0,0.7628381250000001,0.04083980877067104,89591757.51252547,508727075.54256535,231428802.57378998,166764797.0403843,110533475.92839104,0.6148435685115686,0.2970300143949701,1.0148214713936101,171514279856.11145,11992194141.191551,0,0,0.0,0.0,0.32481238656976563,0.5173281974470341,0.0,0.2925123502633012,0.29668724687860576,0.1191688086415856,0.14408705173440428,1.0,0.9417613636363636,1.981386579638139,0.6866355902723924
5.333333333333333,21:20,-0.06722683561975853,-0.3937412452119181,-0.5678560349081906,-0.6400039242940966,-0.2420691374957672,-0.4022060860687895,0.1601369485730223,19.0,0.7628381250000001,0.035308569537553625,93146683.2891193,508756496.4809135,232889212.65097186,166395209.71446332,109472074.11547828,0.6360683296173815,0.30509081287783096,1.0358172606169722,180949701781.23538,11727357986.600246,0,0,0.0,0.0,0.3203329666496386,0.5122423239920573,0.0,0.2909230223825769,0.2949884631993596,0.11703489714158338,0.1419764314632202,1.0,0.9346590909090909,1.9939177148416736,0.6769019788109907
5.5,21:30,-0.06182071279757928,-0.3975623088278569,-0.5747390173199107,-0.7577400033258781,-0.23166066877651909,-0.4056106184440109,0.17394994966749183,19.0,0.7628381250000001,0.029526467157626773,96434982.38839652,508785853.19709814,234325673.17771187,166034915.22238576,108425264.79700048,0.6568560199058172,0.3130531269335802,1.0563629184102414,190517864023.84677,11466825856.584997,0,0,0.0,0.0,0.31597560428992144,0.5073034886238498,0.0,0.2893003868071772,0.2932824904285444,0.11501900436617726,0.13993285730240818,1.0,0.9346590909090909,2.0061494103299733,0.6673448079453274
5.666666666666667,21:40,-0.057396337218788424,-0.4015656653538686,-0.5814829351520926,-0.908707405043307,-0.22103000825843744,-0.40896429432779313,0.1879342860693557,19.0,0.7628381250000001,0.02353458277400114,99428086.00151463,508815087.72677034,235737969.7935126,165684297.72387016,107392820.20938763,0.6776967249581782,0.3209144637547699,1.0784592480373905,200206509674.7861,11210540036.504288,0,0,0.0,0.0,0.3117446838788651,0.5025059229282647,0.0,0.28769131408586196,0.2915995885682952,0.11309751109220012,0.1379526713443528,1.0,0.9346590909090909,2.018088718695341,0.6579581764071816
5.833333333333333,21:50,-0.05398514354060652,-0.4052898757983867,-0.5878504833886635,-1.1012663599838033,-0.21039536683042415,-0.4122591116991464,0.20186374486872227,19.0,0.7628381250000001,0.017375488005733526,102099040.06498754,508844149.57237065,237125927.8129354,165343660.33114827,106374561.42828701,0.699000059675528,0.32867297306977555,1.0997279226075276,210004015141.2138,10958469348.617014,0,0,0.0,0.0,0.30763188505774364,0.49783682125477147,0.0,0.2861099531583214,0.28995005584271216,0.11124996423719444,0.1360332093762704,1.0,0.9346590909090909,2.029742721593899,0.6487379653326499
6.0,22:00,-0.05161136788451037,-0.4084116561293407,-0.5922151034227264,-1.3441906964240546,-0.1999149631420649,-0.41548717952315906,0.21557221638109417,19.0,0.7628381250000001,0.011092942481585497,104422942.71968436,508872995.10355043,238489409.26174533,165013284.72632498,105370301.11548002,0.7200007118081324,0.336327223685857,1.1202528563362197,219899203446.5287,10710602254.577349,0,0,0.0,0.0,0.3036284825474542,0.49328698018050615,0.0,0.28456282345679346,0.28833800969348966,0.1094672617132513,0.13417328386240385,1.0,0.9346590909090909,2.0411180362421044,0.6396811788323462
6.166666666666667,22:10,-0.0502918756415002,-0.41106629138252115,-0.5965496869775364,-1.653366890234546,-0.1900123333871215,-0.4186361056656078,0.22862377227848632,18.61111111111111,0.7212048605752743,0.004731582933115441,106378875.30761628,508901645.01295406,239816752.17104787,164694968.2904851,104389924.55142109,0.7406927769585846,0.34371814563739334,1.1405559801647744,229670138249.40842,9918737815.074104,0,0,0.0,0.0,0.2994572875047597,0.48822413735857884,0.0,0.2775573114097272,0.28131565521108864,0.10561347640836881,0.12904722462660467,1.0,0.9204545454545454,2.052243498404574,0.6311477870366746
6.333333333333333,22:20,-0.05003604164552164,-0.41449604887384783,-0.6010368000944516,-1.922952011559177,-0.18185070305979983,-0.4216936614259119,0.23984295836611208,18.22222222222222,0.6810978491083676,-0.0016633939439390031,107962821.70298196,508930207.11690265,241070105.48246056,164399874.5720927,103460227.06234938,0.7611889707129067,0.35035160003603294,1.1574975308251867,238620538844.99423,8760030577.332693,0,0,0.0,0.0,0.29408667030920654,0.4808837143726935,0.0,0.2690621731162745,0.2727780795237144,0.10098514273899697,0.12218251742896526,1.0,0.9090909090909091,2.063206470433654,0.6250568396796276
6.5,22:30,-0.05084568356639624,-0.4167985660103073,-0.6059224645218636,-2.1907313347800663,-0.17475433929077638,-0.42466041563777024,0.24990607634699386,17.833333333333332,0.6424889924768518,-0.008046552606757483,109182972.02295679,508958454.29981816,242231473.57467744,164141101.13100973,102585879.59413108,0.7820198859478527,0.35605175993971844,1.168846690342039,246448333182.8326,7595334721.191136,0,0,0.0,0.0,0.28711536837898066,0.4715684764271383,0.0,0.2598464665592808,0.2635204247118076,0.09578786460872311,0.11476711038441183,1.0,0.9090909090909091,2.072681947751536,0.622017806761531
6.666666666666667,22:40,-0.05271504899549573,-0.4223220049655849,-0.611393306708715,-2.461954193588676,-0.1677766683113751,-0.4274732644119924,0.2596965961006173,17.444444444444443,0.6053501925582989,-0.014372541479512628,110022374.81496377,508986077.954134,243290943.40170836,163929368.41445184,101765766.13797389,0.8028860401197851,0.3608140035131586,1.175516554822802,253084985336.2174,6507745164.104109,0,0,0.0,0.0,0.27876362764850404,0.46081381636940466,0.0,0.2502131047392047,0.2538324920143986,0.09023119320749245,0.10716766156363623,0.9895833333333334,0.9090909090909091,2.078895181969627,0.6219497084466774
6.833455196413669,22:50,-0.0556333665328598,-0.42957597153376903,-0.6173471976705714,-2.74823484529198,-0.1599911050724765,-0.43004021770717604,0.27004911263469955,17.055271208368104,0.569627771162264,-0.020600917728722273,110451724.50349914,509012768.1350973,244238389.8870053,163776459.79973245,100997918.44835961,0.821983074119327,0.36469305456708967,1.1783845082840996,258555985767.53867,5518574785.756438,0,0,0.0,0.0,0.2693440850708101,0.4489873991843571,0.0,0.24036663575839468,0.2439159470776628,0.08449776320377098,0.09957353408978625,0.9895833333333334,0.9090909090909091,2.08183922411176,0.6246673854515721
7.0,23:00,-0.059572389066763376,-0.43781580317448454,-0.6236102179739523,-3.0998254251957404,-0.15320683751113628,-0.4322647088922257,0.2790578713810894,16.666666666666668,0.5353703703703706,-0.026673953805600052,110448709.65304059,509038100.2166037,245056677.38319045,163698836.32960057,100282586.50381267,0.8378748365959982,0.3677474651009055,1.1784562680998896,262905085656.3188,4634982173.646229,0,0,0.0,0.0,0.2591503275319331,0.43640943058392856,0.0,0.23057446731928358,0.23404394485269628,0.07877838577174366,0.09215014209972683,0.9791666666666666,0.9090909090909091,2.0819641044091304,0.6298277988424512
7.166666666666667,23:10,-0.06451164313113544,-0.4391111008646784,-0.6307183080064381,-3.557373932723021,-0.14726787086575793,-0.4340548291326284,0.28678695826687045,16.27777777777778,0.5024731518561387,-0.03256197720147483,110007877.73180705,509061719.47783315,245725422.36860076,163719355.7717127,99616941.33751969,0.8499819099132446,0.37004655928488006,1.1765051852840338,266202636555.8367,3855354130.704005,1,0,10.0,0.9999999999999982,0.24839208527162526,0.4232823010982184,0.0,0.22081170699836583,0.22418478084513718,0.07312719181060871,0.08494565076188941,0.9166666666666666,0.9090909090909091,2.079773249345254,0.6370352505085017
7.333333333333333,23:20,-0.07041352570199538,-0.4398634845500554,-0.638780388127774,-4.069878534867765,-0.142008169060494,-0.4352883309487925,0.29328016188829853,15.88888888888889,0.4709335975651578,-0.03821865165928486,109132271.809285,509083111.2032799,246214000.87348452,163868485.8469653,99000624.48283006,0.8585196215128659,0.3716378484534177,1.1626632017580814,268497029863.95425,3181159851.1770806,1,0,10.0,0.0,0.23726408575302788,0.40979370854476804,0.0,0.21107371612790907,0.21433147273913167,0.06759648121629924,0.07800801346277626,0.8854166666666666,0.8934659090909091,2.075738463008641,0.645860548012412
7.5,23:30,-0.07723610461235894,-0.43981543567894976,-0.6466908877770374,-4.615264692825209,-0.13748145752860133,-0.43578439472829233,0.29830293719969103,15.5,0.4407236093750001,-0.04360378718624516,107827290.35700814,509101608.01029164,246488622.22831762,164179866.32120302,98433119.46077108,0.8635637625528515,0.3725582653397743,1.1511587144913966,269828623120.79248,2614297699.7581425,5,0,50.0,3.999999999999993,0.225917228098874,0.3960962405793025,0.0,0.20138602120991222,0.20451141851559032,0.06222791252601837,0.07137867660537076,0.71875,0.8721590909090909,2.0702509158865263,0.6558576569528703
7.666666666666667,23:40,-0.0849309062583043,-0.43862768393047735,-0.6541443135496359,-5.164637653770061,-0.13373386976418086,-0.43524264182607375,0.30150877206189286,15.11111111111111,0.4118150891632374,-0.04867912304106881,106098744.87080579,509116198.57042557,246517785.2308513,164684057.51494056,97914355.82463366,0.8650841944459351,0.3728348855976984,1.145464512658316,270229461217.6322,2157313062.689067,5,0,50.0,0.0,0.21448420660554646,0.3823412058322322,0.0,0.19179747254854873,0.19477734340536412,0.057075775314855734,0.0651041872863775,0.71875,0.8636363636363636,2.063640811025163,0.6665016179678658
7.833333333333333,23:50,-0.0934432599981073,-0.4357261124295191,-0.6608646149156223,-5.672272426859381,-0.13080591796350924,-0.4331528255488598,0.30234690758535054,14.722222222222221,0.3841799388074417,-0.05340859957193944,103955660.06353477,509125237.17602533,246294258.08442912,165386193.34939152,97444785.74220464,0.8641459386904009,0.37248649112405724,1.1363829015780098,269724666912.70074,1813719009.007861,5,0,50.0,0.0,0.20310590210976143,0.3687090590086187,0.0,0.18236634766761128,0.18518926046489634,0.0521896724887432,0.05924367960577182,0.71875,0.8636363636363636,2.056138916104964,0.6771651043318458
8.0,00:00,-0.10271268658058662,-0.430139634212633,-0.6668643705367409,-6.1323886115845285,-0.1287198353392539,-0.4286993684613045,0.2999795331220506,14.333333333333334,0.3577900601851853,-0.057758614416007714,101412697.18322529,509125957.90775543,245864557.17144957,166235886.30282438,97025514.43348143,0.8610166845850253,0.3715190504060092,1.1144500587313972,268325401355.62122,1588503225.3107014,5,0,50.0,0.0,0.1919358338945723,0.35545770688319933,0.0,0.17323643434058103,0.17589595773622518,0.047630780659549225,0.05388916602647128,0.71875,0.8636363636363636,2.047879953844248,0.6873934096568276
8.166666666666666,00:10,-0.11267332784292057,-0.4202390490088652,-0.6722154886714935,-6.778479487999772,-0.12700999691353915,-0.4204403415394128,0.29343034462587364,13.944444444444446,0.33261735517403995,-0.061698261240144145,98490315.50296085,509113653.041789,245283071.7752178,167172035.76736146,96658545.49920982,0.8570105290861526,0.3699230862333263,1.1053945133626273,266025019078.33408,1487932513.1704962,5,0,50.0,0.0,0.1811642689709142,0.342871584184396,0.0,0.1647246430767178,0.1672365802107157,0.04349964886519683,0.04911383259892188,0.71875,0.8636363636363636,2.0389568142963483,0.6969391870572544
8.333333333333334,00:20,-0.12325441462498656,-0.4050000752238727,-0.6769551451988282,-7.346778644364745,-0.12653401503814876,-0.40645281863187277,0.279918803593724,13.555555555555554,0.30863372565157743,-0.06519954932672514,95213361.01015054,509081130.1649151,244586290.64382932,168147567.1781205,96347272.3429653,0.8528944107036244,0.3676781354049009,1.0931389850847006,262805966487.54797,1515853020.5111349,5,0,50.0,0.0,0.17094761766966637,0.33111448888066997,0.0,0.15658223185932152,0.1589416798521949,0.03972664399798032,0.04484258585329843,0.71875,0.8636363636363636,2.029462560278029,0.705764972190555
8.5,00:30,-0.1343807695757452,-0.38758720043059314,-0.6811417572346893,-7.777237874510327,-0.12713041248224918,-0.38997948211864186,0.26284906963639265,13.166666666666666,0.2858110734953703,-0.06823760244432041,91609907.23236479,509024284.3694782,243798228.52301848,169128470.27487034,96097585.57158946,0.8476993358035961,0.3647680905424937,1.069965680124374,258662393039.26306,1661760649.3391895,5,0,50.0,0.0,0.16135914137260315,0.32019354687480805,0.0,0.148784241354541,0.15099265403141843,0.03629537183890787,0.040985591039184234,0.6666666666666666,0.8636363636363636,2.019495881954544,0.7139450989981814
8.666666666666666,00:40,-0.1459733412792934,-0.3769402094085822,-0.6848780737987301,-7.999960923015492,-0.12857341289904742,-0.3796136923050957,0.25104027940604823,12.777777777777779,0.26412130058299044,-0.07079083559033048,87710788.19584486,508952847.69529915,242935969.6576653,170096260.25438076,95920617.78325306,0.8413978403586096,0.36119331483906286,1.0558998608112378,253617384079.69293,1899359003.0626402,5,0,50.0,0.0,0.15239158255628815,0.3100078950569549,0.0,0.14127019162515903,0.14333212659402383,0.03316918886862688,0.03744702693806456,0.625,0.8636363636363636,2.0091473841268384,0.7216257693777894
8.833564462754591,00:50,-0.15796660191631162,-0.37075411584990947,-0.6882424800943563,-8.028343556086492,-0.13220326770698193,-0.3738416609896905,0.24163839328270859,12.388349586905955,0.24350851609753074,-0.07284359522076642,83543725.5447464,508881764.67669123,242011597.77524674,171029091.2222665,95841075.67917801,0.8337784006953266,0.35695928456797194,1.042565888506489,247706256850.51984,2209684861.4040117,5,0,50.0,0.0,0.14397336110359943,0.3003976880660123,0.0,0.13402112809625324,0.13594748420376235,0.030314862118277476,0.03415068797133234,0.6145833333333334,0.8636363636363636,1.9984787853320585,0.7289905375609846
9.0,01:00,-0.17022495239603394,-0.3660950287533139,-0.6913338047814173,-8.013466463465429,-0.13564625136076675,-0.36975226669393446,0.23410601533316772,12.0,0.22402800000000006,-0.07437385378107796,79162884.86333095,508818115.054006,241040602.13771838,171853471.57548258,95924041.34080502,0.8241811618210639,0.3521181780878429,1.0239357458633955,241032998652.93936,2568393119.577522,6,1,60.0,1.0013887023473655,0.13605590723569694,0.29126349211019564,0.0,0.1271581467144728,0.12897654737430922,0.027736957567434415,0.0310779251607593,0.6041666666666666,0.859375,1.987600084961395,0.7361652308130413
9.166666666666666,01:10,-0.18271168702430776,-0.3619275507743027,-0.6942260413469121,-7.541684894455724,-0.13882912285619528,-0.3661190274442636,0.22728990458806833,12.0,0.22402800000000006,-0.07537818191180896,74588847.95815179,508762548.364565,240035084.94794175,172487772.47293472,96239690.94368835,0.8105753490940092,0.3467787212885819,1.001115658046403,233778459943.15253,2812264706.376154,6,1,60.0,0.0,0.12862107685026875,0.28284104236733465,0.0,0.12479933778945547,0.12647129144854782,0.026266717535140018,0.029830126529579493,0.6041666666666666,0.859375,1.9765130469481342,0.7430562762978998
9.333333333333334,01:20,-0.19532125304034148,-0.3580556986683636,-0.6968363896633769,-7.140767576447222,-0.1433969032602873,-0.36251426240019335,0.21911735913990604,12.0,0.22402800000000006,-0.07584695711125918,69868260.47121912,508714747.6689027,239027503.07573628,172985130.33457392,96702114.25859246,0.7977480583193058,0.3412660633968292,0.9835421581109519,226404897533.15103,2847754817.8393984,6,1,60.0,0.0,0.12202331144175022,0.27644637114019,0.0,0.12351605669789553,0.12508066398665946,0.025149435608769626,0.029582807479015188,0.6041666666666666,0.859375,1.9652430371400018,0.7478036261822543
9.5,01:30,-0.20796406099171244,-0.3544097589708265,-0.698143128122538,-6.7036774813861575,-0.14898426021925817,-0.3588407202236087,0.20985646000435051,12.0,0.22402800000000006,-0.07577684878792573,65053251.731429994,508673603.6959837,238038170.4451503,173423312.58914003,97212120.66169332,0.7845911246830796,0.3357990208802567,0.965463042373953,219209041247.26276,2766961899.8372445,7,1,67.5,0.7500000000000027,0.11668923630780487,0.2723889545145147,0.0,0.12289440682798197,0.1243723763495468,0.024326875463585227,0.029832204897595783,0.5520833333333334,0.859375,1.9543568319295193,0.7490847404218935
9.666666666666666,01:40,-0.22055028524603962,-0.3509705191755308,-0.6980873606909821,-6.146673122271047,-0.15469955775308628,-0.3552062833908136,0.20050672563772734,12.0,0.22402800000000006,-0.07516835505302752,60198431.155233905,508637831.89596725,237077831.6635123,173829342.4920066,97730657.74044839,0.7712226086180927,0.33048805987714025,0.9434400425629408,212329901745.68234,2634437750.919915,7,1,67.5,0.0,0.11284341608782594,0.2704989694790524,0.0,0.12282979580538697,0.12424362847984344,0.023787899253251487,0.030410997981085063,0.5520833333333334,0.859375,1.944646842015803,0.7474142668630545
9.833333333333334,01:50,-0.23299050219131498,-0.34775647810140675,-0.6978294801860105,-5.508920445397876,-0.16043983075858795,-0.3517938102604562,0.19135397950186825,12.0,0.22402800000000006,-0.07402579918148472,55346854.977383815,508606611.83479285,236153297.12293693,174205441.745269,98247872.96658693,0.7599120995228605,0.3253929817456544,0.9362935453630505,205833460163.66177,2473953857.537343,7,1,67.5,0.0,0.11038137260982239,0.2703534948666074,0.0,0.12321153438058419,0.1245770979967277,0.023503990368081346,0.03113359720028316,0.5520833333333334,0.859375,1.9361372817510567,0.7441068583816881
10.0,02:00,-0.24519632557992874,-0.3447918499004715,-0.6977300003127682,-4.9915214065286015,-0.1658516445787855,-0.34870022035572934,0.18284857577694383,12.0,0.22402800000000006,-0.07235729889556974,50530199.820090264,508579573.9413317,235270113.70359042,174547058.22964698,98762402.00809424,0.7482048078781955,0.32053391471948145,0.9204878403364743,199731970633.46674,2299299136.86819,7,1,67.5,0.0,0.10907527556017088,0.27105804882689155,0.0,0.12395967930818776,0.12530335022812142,0.02343259710662996,0.03172681890788065,0.5520833333333334,0.859375,1.928610971200131,0.7405167536591859
10.166666666666666,02:10,-0.2570810345023463,-0.34209904420256243,-0.697839484908306,-4.432279740559333,-0.1714970167905073,-0.34593600072745123,0.17443898393694393,12.0,0.22402800000000006,-0.07017470868946513,45777072.39892137,508556466.9242351,234433214.72457266,174850074.75936455,99273177.4402979,0.7362501105380334,0.3159005053513497,0.9091321293910637,193999340219.6662,2123104218.18951,7,1,67.5,0.0,0.10848369756803578,0.2717330811407125,0.0,0.12456823986847988,0.12590214825777643,0.02342992314881382,0.0320329998713844,0.5520833333333334,0.859375,1.9218634839974973,0.7374695060502892
10.333333333333334,02:20,-0.26856018952875677,-0.33971563776472147,-0.6982587083835885,-3.8568650944526794,-0.17604355558881832,-0.34348854675314655,0.16744499116432823,12.0,0.22402800000000006,-0.06749353560450584,41119663.772384726,508536984.48500067,233645798.5135858,175114820.58542785,99776365.3859869,0.7251828877158463,0.3114764707036386,0.8990585517223941,188603653726.95462,1953458756.424128,7,1,67.5,0.0,0.10817904151660862,0.27198248441429895,0.0,0.12491390920040284,0.12624878129776887,0.023427052402226232,0.032095145828061084,0.5520833333333334,0.859375,1.9157178204983745,0.7352517141978783
10.5,02:30,-0.27955223264108237,-0.3376895271485394,-0.6990067219287612,-3.287975333597234,-0.18074468562425322,-0.34136727425387337,0.16062258862962014,12.0,0.22402800000000006,-0.06433282905351279,36593581.33208265,508520806.6041766,232907771.26360506,175346612.73295042,100266422.60762121,0.7142437457085764,0.30725042408928915,0.889109830772354,183520504154.6719,1794104078.54824,7,1,67.5,0.0,0.10788489519886935,0.2717559349638098,0.0,0.12499562906917644,0.126338387652014,0.02339186743956257,0.03199458886399751,0.5520833333333334,0.859375,1.9100288762747546,0.733820211889324
10.666666666666666,02:40,-0.28997906669290413,-0.3360611922454495,-0.6999785637239808,-2.7438833700129717,-0.18644542354397683,-0.33960491176190855,0.1531594882179317,12.0,0.22402800000000006,-0.06071504547700184,32233136.146053907,508507698.09342295,232215982.51282647,175551897.69825098,100739817.8823454,0.7044502059026946,0.3032175641472557,0.8766517272677155,178734471620.54425,1646005966.4909923,7,1,67.5,0.0,0.10746729719845632,0.27113499365200366,0.0,0.12485796512828468,0.1262073896573116,0.023314297167323757,0.03180031549489228,0.5520833333333334,0.859375,1.9046914635332468,0.7329737254903259
10.833333333333334,02:50,-0.29976661028030915,-0.3348643281324646,-0.7010382562586217,-2.237146249698763,-0.19217614807661337,-0.33825175205849756,0.14607560398188418,12.0,0.22402800000000006,-0.05666588879287072,28067838.843305893,508497525.21573675,231565851.89991835,175734983.61158162,101196689.70423664,0.6949345116560074,0.2993777333181632,0.8724168012641089,174236285295.27423,1508677345.8418627,7,1,67.5,0.0,0.10690269688343146,0.2702540159620713,0.0,0.12456252952591883,0.12591059606383556,0.02319291269652831,0.03157091332478476,0.5520833333333334,0.859375,1.8996401127015237,0.7324477965440135
11.0,03:00,-0.3088453240813699,-0.33402097233733663,-0.7020826032855292,-1.7767903718564881,-0.19791233393526178,-0.3372509261393165,0.13933859220405473,12.0,0.22402800000000006,-0.05221412777314875,24122391.86669128,508490142.4454138,230952733.22374722,175898677.8012616,101638731.42040513,0.6899139246470035,0.2957321544199169,0.8598526530840312,170018705777.45917,1380978438.852933,7,1,67.5,0.0,0.10622866327881275,0.26926222447259296,0.0,0.12417720270319665,0.12551408356777546,0.023038891571302483,0.03135120076365886,0.5520833333333334,0.859375,1.8948389373545127,0.731993045756351
11.166907615244808,03:10,-0.31716212294275886,-0.33342726031988545,-0.7030562957731574,-1.4046032575168363,-0.20350615923473445,-0.3365053403354824,0.13299918110074796,12.0,0.22402800000000006,-0.04738416715883687,20413837.775442284,508485245.7914302,230371768.58593234,176046089.23286265,102067387.9726352,0.6772925199644866,0.2922760670248279,0.8502855987010796,166068063326.5856,1261472989.4910493,7,1,67.5,0.0,0.10550338538191661,0.2682846853794091,0.0,0.12385119369783008,0.1251757907456423,0.02288548070342219,0.03117337654099968,0.5520833333333334,0.859375,1.8902618744047595,0.7314383695612017
11.333333333333334,03:20,-0.3246237440766244,-0.3329884414559292,-0.7039412566190454,-1.0916892905142364,-0.20887659022468083,-0.3359370812830238,0.12706049105834297,12.0,0.22402800000000006,-0.04223194537048962,16979105.438970722,508482371.6175619,229822220.00948498,176179822.81428602,102480328.79379088,0.6726913811822834,0.28902270527696794,0.8466822278263861,162391590389.82205,1149360540.6327577,7,1,67.5,0.0,0.10478371318779439,0.26740471545915534,0.0,0.1236293587468735,0.12494186211113971,0.022748363476731506,0.031044950711300354,0.5520833333333334,0.859375,1.8859159281486746,0.7307168641857001
11.5,03:30,-0.33121134649138073,-0.33263899725437573,-0.7047566027412,-0.8388154883657469,-0.2149066878235219,-0.3354706198995372,0.12056393207601529,12.0,0.22402800000000006,-0.03677244619489069,13823179.801164584,508480934.3372045,229299338.48641208,176303475.53241488,102878120.3183774,0.6630809591402591,0.2859542981442271,0.8434004507052103,158961835607.10367,1042880554.7600433,7,1,67.5,0.0,0.10410170558573956,0.2666458065430283,0.0,0.12332331639598862,0.12450417570501537,0.022604027001235236,0.030947368677039674,0.5520833333333334,0.859375,1.8817732899197357,0.7298349270121698
11.666666666666666,03:40,-0.3368667080448097,-0.3323443036245861,-0.7044266616860646,-0.6422979186810643,-0.22074924458921258,-0.3350593731050866,0.11431012851587402,12.0,0.22402800000000006,-0.031051683204610214,10969653.323307395,508480397.4150843,228802435.61813483,176419263.7016674,103258698.095282,0.6536946833100721,0.2830686095723565,0.8404342844182868,155769718455.40762,942322592.6214883,7,1,67.5,0.0,0.10347272641214733,0.2659958962555564,0.0,0.12294195591166633,0.12410418582848222,0.02248938048623915,0.030874578766742242,0.5520833333333334,0.859375,1.8778345742732105,0.7288440086257855
11.833333333333334,03:50,-0.3415496480721543,-0.3320792240469814,-0.7002851120564053,-0.48261144840550735,-0.2263935371814432,-0.3346726779210052,0.10827914073956199,12.0,0.22402800000000006,-0.02511030173376075,8434014.930700572,508480315.95670855,228330624.03445724,176528933.68403804,103620758.23821326,0.6505740576399232,0.28036125650834914,0.8377448122397239,152804311025.9403,847041868.611448,7,1,67.5,0.0,0.10290179077529832,0.26542136408101713,0.0,0.12259741111460344,0.12374448437003872,0.022413902676716266,0.030806365572476926,0.5520833333333334,0.859375,1.8740950641328236,0.7278053419193825
12.0,04:00,-0.3452268948468346,-0.33182146428003945,-0.6959732343115943,-0.35588427470365686,-0.23183003922147752,-0.33429093304015267,0.10246089381867515,12.0,0.22402800000000006,-0.018990514584268234,6228824.455617706,508480360.7417621,227883418.84513038,176633499.72597018,103963442.17066155,0.6393119540050457,0.2778282859159047,0.8352686944274261,150055711576.8079,756836743.2324921,7,1,67.5,0.0,0.10238246527387251,0.2648835565897435,0.0,0.12226986876771212,0.12339788408078914,0.022357320790372913,0.030732111837208812,0.5520833333333334,0.859375,1.87054991868257,0.7267714237706994
12.166666666666666,04:10,-0.34787232197207013,-0.3314776004526785,-0.6911852599987818,-0.3043642247281644,-0.23731080898225457,-0.3339278400492821,0.09661703106702754,8.000000000000014,0.09408000000000033,-0.012735802108982711,4366746.00717942,508480215.6463925,227405577.3081207,176735289.34452525,104339348.9937465,0.6334471466964162,0.27495524212354916,0.8325280069767653,146968282778.62836,1296526093.13815,7,1,67.5,0.0,0.10121125731664321,0.2610789050636172,0.0,0.08818788402497237,0.08913610811618439,0.015920762603288053,0.018703859011710358,0.5520833333333334,0.859375,1.8672234612329146,0.7274003833782821
12.333333333333334,04:20,-0.3494671340057916,-0.3308705353420699,-0.6777924815711782,-0.06306849540237192,-0.24309830814434027,-0.33362304342586613,0.09052473528152585,3.999999999999986,0.023519999999999833,-0.006390603288992526,2867797.2497126744,508479678.55025446,226722675.07940623,176853928.39454773,104903075.07630058,0.6274408369411033,0.2703571073592641,0.8195906114700353,142093821325.83838,3131310710.448286,10,0,87.5,1.9999999999999858,0.09705897184528994,0.2462758624156901,0.0,0.051296661999211124,0.05811092916334243,0.008626660610863708,0.008799561492940427,0.4166666666666667,0.859375,1.8638747869102998,0.740594347380408
12.50006276824852,04:30,-0.3499999999243763,-0.3298732425029305,-0.6918019400788533,-0.009172709821380385,-0.2500099224140263,-0.33332232909187476,0.08331240667784845,0.0,0.0,2.409615867127652e-06,1677091.0287004348,508477949.67272174,225803327.14618534,177024637.83556506,105649984.69097129,0.613515581249747,0.2643859096936415,0.7879125839677049,135886472070.01346,4951240323.704295,10,0,87.5,0.0,0.08783188245951012,0.22495356186399473,0.0,0.05380275801398045,0.06710322647484143,0.00700253566479531,0.015095109808081892,0.4166666666666667,0.859375,1.8561555133631695,0.7672024732502492
12.666666666666666,04:40,-0.3494671340057916,-0.32846312439230696,-0.707477172548778,-0.0028739110703027487,-0.2553822609623562,-0.33261586394490317,0.07723360298254695,0.0,0.0,0.006390603288992526,755425.5401662663,508474270.00164425,224734806.40114552,177258095.47039515,106481368.13010362,0.6185173056194366,0.25804632402371547,0.7492893543281699,129447886803.72432,5662118239.235637,10,0,87.5,0.0,0.07778165496979961,0.20565348185392207,0.0,0.054486700786536495,0.0701975258866038,0.00623627423360355,0.0144363656161109,0.4166666666666667,0.859375,1.841615148668569,0.7898588915867882
12.833333333333334,04:50,-0.34787232197207013,-0.32675730717715135,-0.7208494130854557,-0.0005895942592986476,-0.26051344587790726,-0.3311650237021355,0.07065157782422826,0.0,0.0,0.012735802108982711,138820.97826629863,508468248.8855384,223599910.86236712,177541921.15167713,107326416.87149416,0.616912679888477,0.2518665762885429,0.7149380131159324,123322036808.13509,5687452604.699076,13,0,102.5,1.4999999999999893,0.06926779340264522,0.19050068590846536,0.0,0.0621774787492086,0.06658483959966827,0.008896448386565637,0.012672369280817431,0.22916666666666666,0.859375,1.8239533157433194,0.8076827987863056
13.0,05:00,-0.3452268948468346,-0.3249570408501269,-0.7291483962792031,-0.00024003478762875543,-0.26729048587862153,-0.32922961584276333,0.061939129964141804,0.0,0.0,0.018990514584268234,-85824.86851268921,508459325.86811066,222436663.95679402,177866340.94382644,108156320.96749023,0.6092687176067234,0.24595809686595402,0.6882867967157676,117603936675.44562,5454483151.4364805,15,0,112.5,1.0000000000000036,0.06313904479006799,0.17964546991483987,0.0,0.06581799341250798,0.07596045809632115,0.011300128026156911,0.011642499392043076,0.14583333333333334,0.859375,1.80728898934872,0.8199432396406616
13.166666666666666,05:10,-0.3415496480721543,-0.3231013250481449,-0.7276088259364982,0.0001419389401253004,-0.2725067209334746,-0.3271764381151492,0.05466971718167457,0.0,0.0,0.02511030173376075,127909.87125974029,508447420.9337604,221261151.5592887,178226028.22525594,108960241.1492157,0.5992202448818801,0.24030177083978335,0.6743764830058376,112257031611.73833,5153324781.067704,15,0,112.5,0.0,0.0627252780444642,0.17239124714167364,0.0,0.07012183916856951,0.08616401483004128,0.011296346181384486,0.014057490588768038,0.14583333333333334,0.859375,1.7924058097328164,0.8275784998956186
13.333333333333334,05:20,-0.3368667080448097,-0.32113459111341125,-0.7245042128417718,-8.109286534468461e-05,-0.2775667657343679,-0.32512610175757795,0.04755933602321005,0.0,0.0,0.031051683204610214,761487.1757514813,508433236.6817208,220086630.855991,178609920.6281431,109736685.19758666,0.5877421553778048,0.23486403778760684,0.6618047104631632,107234037398.7702,4856587099.960698,15,0,112.5,0.0,0.07273943279885331,0.17308700156347434,0.10014154754389033,0.07689602845359811,0.09438896446787587,0.012777767817889958,0.016337502840425955,0.14583333333333334,0.859375,1.779299893012549,0.8313050874536586
13.5,05:30,-0.33121134649138073,-0.31905889449303315,-0.7231308843305552,-5.734620403112059e-05,-0.2823541343878455,-0.3230525896582036,0.04069845527035809,0.0,0.0,0.03677244619489069,1762034.9372658494,508417665.10446614,218928875.4281315,179000049.76841882,110488739.90791586,0.5742675590267553,0.22962418603103094,0.6493350664464876,102502597588.44601,4586644856.576633,15,0,112.5,0.0,0.08176440870784124,0.18309305067818193,0.09024975908987963,0.08261129246189833,0.10125411885223977,0.014237112336471762,0.018538925514387794,0.14583333333333334,0.859375,1.7676361126609499,0.8314722364568756
13.666666666666666,05:40,-0.3246237440766244,-0.3167784152930859,-0.7231206496850952,-4.2644135129243604e-05,-0.28675266925048915,-0.3208541811364053,0.03410151188591615,0.0,0.0,0.04223194537048962,3100349.5983556346,508401109.6432772,217802206.7243327,179378750.37787598,111220152.54106854,0.559828041589581,0.22457566337550677,0.6356107127173085,98044896874.01584,4344659242.392093,15,0,112.5,0.0,0.08668265976161599,0.19313597582684205,0.049182510537747644,0.08766651079638688,0.10719158447930363,0.015730257956708103,0.020702551268835682,0.14583333333333334,0.859375,1.7572119566909012,0.8293222910440702
13.833333333333334,05:50,-0.31715070492467645,-0.3143252564612352,-0.7237608174647101,-3.126470700429192e-05,-0.2906958522834887,-0.31849510465852593,0.02779925237503722,0.0,0.0,0.04739139164532593,4790826.433171468,508383521.06486285,216715565.77194485,179733944.82318592,111934010.46973203,0.5458390872673397,0.21971903701023376,0.6228125245213121,93850153103.65388,4123076976.668111,9,0,57.5,-5.499999999999961,0.09221333442677371,0.20311801863850498,0.0553067466515768,0.09225661600212964,0.11236908089536245,0.017280745251583216,0.022824185067695905,0.46875,0.859375,1.7476967344171357,0.8263731719987989
14.0,06:00,-0.3088453240813699,-0.3118837304694896,-0.7198522312849163,-2.531958001563525e-05,-0.2941546122473705,-0.3160482844700684,0.02189367222269789,0.0,0.0,0.05221412777314875,6868556.965820671,508364850.05719995,215672221.09648564,180059775.61351326,112632853.34720105,0.5323408098528232,0.2150503297148709,0.6145438211863029,89904170239.22746,3917256983.637597,8,0,52.5,-0.5000000000000018,0.09911933167442843,0.21292992591036575,0.06905997247654752,0.09649812302410225,0.11683625673892113,0.01889040617897009,0.024877935491062948,0.5,0.859375,1.7388205199828166,0.823896974663322
14.166666666666666,06:10,-0.29976661028030915,-0.30954860792075223,-0.716283237296831,-1.9706638910374643e-05,-0.29707819453504036,-0.313641940069756,0.016563745534715624,0.0,0.0,0.05666588879287072,9355067.93361139,508345387.2378725,214671530.73302835,180354998.57103097,113318857.93381312,0.5189617828317141,0.21055589915197803,0.6065465333933222,86185546288.80481,3728120365.4622445,7,0,47.5,-0.5000000000000018,0.10637790653666934,0.22248847618270406,0.07258574862240934,0.10055085868451437,0.12067747018801984,0.02055797721071547,0.026849346451716233,0.5520833333333334,0.859375,1.7303761404745877,0.8225907938501793
14.333333333333334,06:20,-0.28997906669290413,-0.3073735907517613,-0.7142500371080698,-1.5445028660322917e-05,-0.2993385528753647,-0.31138622532851157,0.012047672453146863,0.0,0.0,0.06071504547700184,12252889.384623092,508325767.0734431,213710790.2559251,180621141.61677054,113993835.20074742,0.5054983032596106,0.20621870551189056,0.5969705149394298,82671482246.14925,3556668993.109111,4,0,30.0,-1.7499999999999876,0.11310070098046882,0.231738928728507,0.06722794443799426,0.10460011329130864,0.12404871136561242,0.022275092473672445,0.02874691548201879,0.75,0.859375,1.7222564533127074,0.8233271879523629
14.500265812483992,06:30,-0.27953513145277475,-0.30546075289611097,-0.7134056835388712,-1.3839924473995573e-05,-0.30066662382978804,-0.3093363287549161,0.008669704925128086,0.0,0.0,0.06433824030365251,15562474.28683698,508306706.0151512,212785056.6658505,180861440.5503109,114660208.79898977,0.4921253824551465,0.2020197931423256,0.5867816461878685,79339134000.49736,3398683570.3744607,1,0,7.5,-2.2464172455113394,0.11891826017496065,0.24065093098522117,0.058082956894620105,0.10873028131594609,0.1271961146402009,0.024032501289158337,0.030609863405867264,0.8645833333333334,0.859375,1.7144480900807402,0.8262919414411742
14.666883067850323,06:40,-0.2685455834369471,-0.3037788628164917,-0.7130220739457676,-9.87791739588747e-06,-0.30018652666065027,-0.307511780298656,0.007325253638005735,0.0,0.0,0.0674973322663985,19244745.182997275,508288881.67677206,211894076.32912296,181078261.08408886,115316544.26356027,0.47934649384102623,0.19796717062941396,0.5762995456391193,76187893122.80785,3247674948.302057,0,0,0.0,-0.7502224167909267,0.12389196008907594,0.24915906206735716,0.04975174893280521,0.11282590210331218,0.13020478777180455,0.025789106347582566,0.032441702797902115,0.9375,0.859375,1.7069576602760217,0.8304437005674596
14.833333333333334,06:50,-0.2570810345023463,-0.30230612033946513,-0.7123309781355713,-7.945180851668706e-06,-0.2984578315265582,-0.305896563797027,0.0074387322704688175,0.0,0.0,0.07017470868946513,23237126.294707566,508272630.93653893,211034029.59455532,181274726.85265243,115963874.48933114,0.4671664833376533,0.19405088309253213,0.5655550423515483,73203333561.33804,3100136057.167355,0,0,0.0,0.0,0.12835925269429638,0.25726902750002123,0.0447310051069119,0.11681968231220505,0.13316958552714325,0.027527092391035804,0.034260409761149045,0.9375,0.859375,1.6997241548174236,0.8346189210280623
15.0,07:00,-0.24519632557992874,-0.3010129390327101,-0.7109562651658738,-7.115876212963031e-06,-0.29670303643505214,-0.3044643297790597,0.007761293344007547,0.0,0.0,0.07235729889556974,27477760.494521983,508258033.80728704,210200828.98024866,181453473.3198984,116603731.50713997,0.4553838137377554,0.19025443107743442,0.5554349817939677,70367022121.92715,2956356687.9847965,0,0,0.0,0.0,0.13292413876877762,0.2650115521178702,0.04564886074481261,0.120649412803987,0.136104520297581,0.02923706379421527,0.03606927017432011,0.9375,0.859375,1.6927344418904795,0.838227266322271
15.166666666666666,07:10,-0.23299050219131498,-0.29985927154965886,-0.7087411426453603,-8.943554245717959e-06,-0.29352672327404594,-0.30319437240277647,0.009667649128730527,0.0,0.0,0.07402579918148472,31917941.569623042,508245058.84172815,209394170.17912987,181615807.56873333,117235081.09386495,0.44399025247746005,0.18657500596356913,0.5458404553224984,67671614814.487335,2817988533.421753,0,0,0.0,0.0,0.1382897335182141,0.2723991008016384,0.05365594749436505,0.12419157076646863,0.13889364862931164,0.030893254760187977,0.03783450499368321,0.9375,0.859375,1.685945003540936,0.8411388356897406
15.333333333333334,07:20,-0.22055028524603962,-0.2988544589906087,-0.7057318576334566,-4.504838562687687e-06,-0.28991931653235353,-0.3020660713458658,0.012146754813512295,0.0,0.0,0.07516835505302752,36546567.295377485,508233568.9454038,208613065.6203118,181762882.71118152,117857620.61391051,0.43254368988096825,0.183005722570678,0.5365428904803524,65107190062.00683,2685910455.2356086,0,0,0.0,0.0,0.1443748349011702,0.27946454284315714,0.0608510138295605,0.12745253060227923,0.14152793945161068,0.03250084759374372,0.0395520408983784,0.9375,0.859375,1.6794008444614783,0.8434688214164769
15.5,07:30,-0.20796406099171244,-0.29796290508500145,-0.7021157031172567,-4.100617231985706e-06,-0.28561066877406105,-0.30106267136129383,0.015452002587232783,0.0,0.0,0.07577684878792573,41360601.16801305,508223399.8576683,207856757.46756107,181895625.7005558,118471016.68955131,0.4213935358275167,0.17954015476951155,0.5277929894516116,62664676507.54697,2560452680.7133756,0,0,0.0,0.0,0.15040306998967373,0.28624477511015617,0.06028235088503552,0.13044479174257656,0.14398080221128587,0.03406492227416143,0.041213752349149396,0.9375,0.859375,1.673078480047877,0.8455976565350699
15.666666666666666,07:40,-0.19532125304034148,-0.29717217226587234,-0.6982842887099758,-3.707521184100684e-06,-0.28059424857611803,-0.3001690287578306,0.019574780181712548,0.0,0.0,0.07584695711125918,46340727.0610346,508214390.6101904,207124582.33300036,182014854.54846105,119074953.72872904,0.410484848021035,0.17617172969965478,0.5192187535780194,60335379450.57102,2441546089.1227927,0,0,0.0,0.0,0.15639487405743568,0.2927700303592299,0.05991804067761974,0.13320452129158172,0.14623894553723296,0.03559054310790048,0.04281438052463746,0.9375,0.859375,1.6669848542018117,0.8478183090029852
15.833333333333334,07:50,-0.18271168702430776,-0.29646500589668867,-0.6943989303037379,-2.4764620214717924e-06,-0.2749122464397321,-0.29937265767602517,0.024460411236293056,0.0,0.0,0.07537818191180896,51447527.99901373,508206393.93750155,206415916.59949592,182121318.55493423,119669158.78307126,0.3998100400231668,0.17289311758344558,0.510575898649836,58110554909.8654,2328773289.734544,0,0,0.0,0.0,0.16232217508511154,0.29905037653441324,0.05927301027675815,0.13577674499990175,0.14830389848081815,0.037081292672194226,0.04435033668221006,0.9479166666666666,0.859375,1.6610696895804435,0.8503600566327822
16.0,08:00,-0.17022495239603394,-0.2958541068701217,-0.6905964868211188,-2.0406396557699156e-06,-0.2684875470402742,-0.2986639902383088,0.030176443198034586,0.0,0.0,0.07437385378107796,56636221.74192353,508199286.4219348,205730162.57318947,182215712.66510507,120253411.1836403,0.38942519424389976,0.16969666469294464,0.5017719510423143,55981718321.74655,2221476897.9211445,0,0,0.0,0.0,0.16799534553413248,0.3050806247700767,0.05673170449020957,0.13831428423312706,0.15030383198759326,0.03856917288121174,0.045854786968111585,0.96875,0.8664772727272727,1.6553391009908687,0.8533304295819307
